     1	0101-SuiteAvant4-TrompeuseDinan
     2	0201_GavottePlougastel_GavottePlougastel_YvesLeBlanc03_12.mp3
     3	0202_GavottePlougastel_GavottePlougastel_YvesLeBlanc03_12.mp3
     4	0203_FeunteunWennDanseBretonnePlougastelDaoulasStagePlestin20111112.mp3
     5	0301-Laride-Laride
     6	0302-Laride-Laride
     7	0401-RondLandeda-RondLandeda
     8	0501_SuiteAvenGavotte_SuiteAvenGavotte_YvesLeBlanc09_04.mp3
     9	0502_SuiteAvenGavotte_SuiteAvenGavotte_YvesLeBlanc09_04.mp3
    10	0503_SuiteAvenBals_SuiteAvenBals_YvesLeBlanc09_05.mp3
    11	0504_SuiteAvenBals_SuiteAvenBals_YvesLeBlanc09_05.mp3
    12	0505_SuiteAvenJabadao_SuiteAvenJabadao_YvesLeBlanc09_09.mp3
    13	0506_SuiteAvenJabadao_SuiteAvenJabadao_YvesLeBlanc09_09.mp3
    14	0601-Pastourelle-Pastourelle
    15	0701-SuitePaludiere-RondPaludier
    16	0702-SuitePaludiere-BalPaludier
    17	0801-DansLeon-DansLeon
    18	0901-Pas7-Pas7
    19	1001-Gilgoden-Gilgoden
    20	1101-RondSautron-RondSautron
    21	1102-RondSautron-RondSautron
    22	1201-KostArChoat-KostArChoat
    23	1301-Scottish-Scottish
    24	1302-Scottish-Scottish
    25	1401-RideeJosselin-RideeJosselin.mp3
    26	1501-AnDroRetourne-AnDroRetourne
    27	1601-CercleCircassien-CercleCircassien
    28	1701-Avant4Tregor-Avant4Tregor
    29	1801-Folklore-Folklore
    30	1802-DerobeeDeGuingamp-DerobeeDeGuingamp
    31	1901-GavotteModeSpezet-Ton_simpl.mp3
    32	1902_GavotteModeSpezet-Tamm_kreiz.mp3
    33	1903_GavotteModeSpezet-Ton_doubl.mp3
    34	2101-PachPi-PachPi
    35	2201-Avant2Travers-
    36	2301-SuitePlinn-TonSimpl
    37	2302-SuitePlinn-Bal
    38	2303-SuitePlinn-TonDoubl
    39	2401-GavotteModeDardoup-Gavotte.mp3
    40	2402-GavotteModeDardoup-Bal_a_4.mp3
    41	2403-GavotteModeDardoup-Bal_a_8.mp3
    42	2501-Mazurka-Mazurka
    43	2502-Mazurka-Mazurka
    44	2601-HanterDroAnDro-HanterDroAnDro
    45	2701-Pastourelle-Pastourelle
    46	2801-AnDro-AnDro
    47	2802-AnDro-AnDro
    48	2901-GavotteBasLeon-GavotteBasLeon
    49	3001-GavotteDesNotables-GavotteDesNotables
    50	3601-LarideStJeanBrevelay-LarideStJeanBrevelay
    51	3602-Vocal-Vocal
    52	3701-RondStVincent-RondStVincent
    53	3702-RondStVincent-RondStVincent
    54	3703-RondSaintVincent-RondDaintVincent
    55	3801-GavottePourlet-GavottePourlet
    56	3901-KasABarh-KasABarh
    57	3902-KasABarh-KasABarh
